permno,permco,date,shrcd,exchcd,ticker,ret,shrout,prc,retx
14593,7,2002-01-31,11,3,AAPL,0.128767,353250.0,24.72,0.128767
14593,7,2002-02-28,11,3,AAPL,-0.122168,353383.0,21.7,-0.122168
14593,7,2002-03-28,11,3,AAPL,0.090783,354085.0,23.67,0.090783
14593,7,2002-04-30,11,3,AAPL,0.025349,354085.0,24.27,0.025349
14593,7,2002-05-31,11,3,AAPL,-0.039967,355700.0,23.3,-0.039967
14593,7,2002-06-28,11,3,AAPL,-0.239485,358855.0,17.72,-0.239485
14593,7,2002-07-31,11,3,AAPL,-0.138826,358886.0,15.26,-0.138826
14593,7,2002-08-30,11,3,AAPL,-0.033421,358886.0,14.75,-0.033421
14593,7,2002-09-30,11,3,AAPL,-0.016949,358959.0,14.5,-0.016949
14593,7,2002-10-31,11,3,AAPL,0.108276,359008.0,16.07,0.108276
14593,7,2002-11-29,11,3,AAPL,-0.03547,359008.0,15.5,-0.03547
14593,7,2002-12-31,11,3,AAPL,-0.075484,360257.0,14.33,-0.075484
14593,7,2003-01-31,11,3,AAPL,0.002093,360479.0,14.36,0.002093
14593,7,2003-02-28,11,3,AAPL,0.045265,360479.0,15.01,0.045265
14593,7,2003-03-31,11,3,AAPL,-0.057961,365545.0,14.14,-0.057961
14593,7,2003-04-30,11,3,AAPL,0.005658,365545.0,14.22,0.005658
14593,7,2003-05-30,11,3,AAPL,0.262307,365611.0,17.95,0.262307
14593,7,2003-06-30,11,3,AAPL,0.061838,366993.0,19.06,0.061838
14593,7,2003-07-31,11,3,AAPL,0.105981,366993.0,21.08,0.105981
14593,7,2003-08-29,11,3,AAPL,0.072581,362501.0,22.61,0.072581
14593,7,2003-09-30,11,3,AAPL,-0.083591,366727.0,20.72,-0.083591
14593,7,2003-10-31,11,3,AAPL,0.10473,367491.0,22.89,0.10473
14593,7,2003-11-28,11,3,AAPL,-0.086501,367491.0,20.91,-0.086501
14593,7,2003-12-31,11,3,AAPL,0.021999,368761.0,21.37,0.021999
14593,7,2004-01-30,11,3,AAPL,0.055686,369730.0,22.56,0.055686
14593,7,2004-02-27,11,3,AAPL,0.060284,369730.0,23.92,0.060284
14593,7,2004-03-31,11,3,AAPL,0.130435,372855.0,27.04,0.130435
14593,7,2004-04-30,11,3,AAPL,-0.046598,380042.0,25.78,-0.046598
14593,7,2004-05-28,11,3,AAPL,0.088441,380042.0,28.06,0.088441
14593,7,2004-06-30,11,3,AAPL,0.159658,385192.0,32.54,0.159658
14593,7,2004-07-30,11,3,AAPL,-0.006146,387925.0,32.34,-0.006146
14593,7,2004-08-31,11,3,AAPL,0.066481,387925.0,34.49,0.066481
14593,7,2004-09-30,11,3,AAPL,0.123514,391444.0,38.75,0.123514
14593,7,2004-10-29,11,3,AAPL,0.352258,391444.0,52.4,0.352258
14593,7,2004-11-30,11,3,AAPL,0.27958,402058.0,67.05,0.27958
14593,7,2004-12-31,11,3,AAPL,-0.039523,404549.0,64.4,-0.039523
14593,7,2005-01-31,11,3,AAPL,0.194099,408586.0,76.9,0.194099
14593,7,2005-02-28,11,3,AAPL,0.16671,817172.0,44.86,0.16671
14593,7,2005-03-31,11,3,AAPL,-0.07111,823137.0,41.67,-0.07111
14593,7,2005-04-29,11,3,AAPL,-0.134629,823934.0,36.06,-0.134629
14593,7,2005-05-31,11,3,AAPL,0.102587,823934.0,39.7593,0.102587
14593,7,2005-06-30,11,3,AAPL,-0.074179,827981.0,36.81,-0.074179
14593,7,2005-07-29,11,3,AAPL,0.158653,829829.0,42.65,0.158653
14593,7,2005-08-31,11,3,AAPL,0.099414,829829.0,46.89,0.099414
14593,7,2005-09-30,11,3,AAPL,0.143314,835019.0,53.61,0.143314
14593,7,2005-10-31,11,3,AAPL,0.07424,839777.0,57.59,0.07424
14593,7,2005-11-30,11,3,AAPL,0.177635,842768.0,67.82,0.177635
14593,7,2005-12-30,11,3,AAPL,0.060012,845617.0,71.89,0.060012
14593,7,2006-01-31,11,3,AAPL,0.050355,848612.0,75.51,0.050355
14593,7,2006-02-28,11,3,AAPL,-0.092968,849656.0,68.49,-0.092968
14593,7,2006-03-31,11,3,AAPL,-0.084246,849188.0,62.72,-0.084246
14593,7,2006-04-28,11,3,AAPL,0.12229,850508.0,70.39,0.12229
14593,7,2006-05-31,11,3,AAPL,-0.150874,850508.0,59.77,-0.150874
14593,7,2006-06-30,11,3,AAPL,-0.041827,852988.0,57.27,-0.041827
14593,7,2006-07-31,11,3,AAPL,0.18666,852988.0,67.96,0.18666
14593,7,2006-08-31,11,3,AAPL,-0.001619,852988.0,67.85,-0.001619
14593,7,2006-09-29,11,3,AAPL,0.134562,855263.0,76.98,0.134562
14593,7,2006-10-31,11,3,AAPL,0.053261,855263.0,81.08,0.053261
14593,7,2006-11-30,11,3,AAPL,0.130488,859202.0,91.66,0.130488
14593,7,2006-12-29,11,3,AAPL,-0.074406,860220.0,84.84,-0.074406
14593,7,2007-01-31,11,3,AAPL,0.01049,861875.0,85.73,0.01049
14593,7,2007-02-28,11,3,AAPL,-0.013064,861875.0,84.61,-0.013064
14593,7,2007-03-30,11,3,AAPL,0.098097,864693.0,92.91,0.098097
14593,7,2007-04-30,11,3,AAPL,0.074158,864948.0,99.8,0.074158
14593,7,2007-05-31,11,3,AAPL,0.214339,864948.0,121.191,0.214339
14593,7,2007-06-29,11,3,AAPL,0.007005,869162.0,122.04,0.007005
14593,7,2007-07-31,11,3,AAPL,0.079646,869641.0,131.75999,0.079646
14593,7,2007-08-31,11,3,AAPL,0.051002,869641.0,138.48,0.051002
14593,7,2007-09-28,11,3,AAPL,0.108247,869641.0,153.47,0.108247
14593,7,2007-10-31,11,3,AAPL,0.237701,869641.0,189.95,0.237701
14593,7,2007-11-30,11,3,AAPL,-0.040695,875540.0,182.22,-0.040695
14593,7,2007-12-31,11,3,AAPL,0.087038,878629.0,198.08,0.087038
14593,7,2008-01-31,11,3,AAPL,-0.31664,878876.0,135.36,-0.31664
14593,7,2008-02-29,11,3,AAPL,-0.076389,878876.0,125.02,-0.076389
14593,7,2008-03-31,11,3,AAPL,0.147816,881431.0,143.5,0.147816
14593,7,2008-04-30,11,3,AAPL,0.212195,881623.0,173.95,0.212195
14593,7,2008-05-30,11,3,AAPL,0.085082,881623.0,188.75,0.085082
14593,7,2008-06-30,11,3,AAPL,-0.112901,885747.0,167.44,-0.112901
14593,7,2008-07-31,11,3,AAPL,-0.050705,885876.0,158.95,-0.050705
14593,7,2008-08-29,11,3,AAPL,0.066562,885876.0,169.53,0.066562
14593,7,2008-09-30,11,3,AAPL,-0.329558,888326.0,113.66,-0.329558
14593,7,2008-10-31,11,3,AAPL,-0.053405,888935.0,107.59,-0.053405
14593,7,2008-11-28,11,3,AAPL,-0.138675,888935.0,92.67,-0.138675
14593,7,2008-12-31,11,3,AAPL,-0.07899,890415.0,85.35,-0.07899
14593,7,2009-01-30,11,3,AAPL,0.056005,890554.0,90.13,0.056005
14593,7,2009-02-27,11,3,AAPL,-0.009098,890554.0,89.31,-0.009098
14593,7,2009-03-31,11,3,AAPL,0.177024,892110.0,105.12,0.177024
14593,7,2009-04-30,11,3,AAPL,0.197013,892110.0,125.83,0.197013
14593,7,2009-05-29,11,3,AAPL,0.079313,892110.0,135.81,0.079313
14593,7,2009-06-30,11,3,AAPL,0.048745,895735.0,142.42999,0.048745
14593,7,2009-07-31,11,3,AAPL,0.14716,895817.0,163.39,0.14716
14593,7,2009-08-31,11,3,AAPL,0.0295,895817.0,168.21001,0.0295
14593,7,2009-09-30,11,3,AAPL,0.101896,899806.0,185.35001,0.101896
14593,7,2009-10-30,11,3,AAPL,0.016995,900678.0,188.5,0.016995
14593,7,2009-11-30,11,3,AAPL,0.060531,900678.0,199.91,0.060531
14593,7,2009-12-31,11,3,AAPL,0.054134,906282.0,210.73199,0.054134
14593,7,2010-01-29,11,3,AAPL,-0.088591,906795.0,192.063,-0.088591
14593,7,2010-02-26,11,3,AAPL,0.06538,906795.0,204.62,0.06538
14593,7,2010-03-31,11,3,AAPL,0.14847,909636.0,235.0,0.14847
14593,7,2010-04-30,11,3,AAPL,0.111021,909938.0,261.09,0.111021
14593,7,2010-05-28,11,3,AAPL,-0.016125,909938.0,256.88,-0.016125
14593,7,2010-06-30,11,3,AAPL,-0.020827,913482.0,251.53,-0.020827
14593,7,2010-07-30,11,3,AAPL,0.022741,913563.0,257.25,0.022741
14593,7,2010-08-31,11,3,AAPL,-0.055005,913563.0,243.10001,-0.055005
14593,7,2010-09-30,11,3,AAPL,0.167215,915970.0,283.75,0.167215
14593,7,2010-10-29,11,3,AAPL,0.060723,917307.0,300.98001,0.060723
14593,7,2010-11-30,11,3,AAPL,0.03379,917307.0,311.14999,0.03379
14593,7,2010-12-31,11,3,AAPL,0.03667,921035.0,322.56,0.03667
14593,7,2011-01-31,11,3,AAPL,0.051959,921278.0,339.32001,0.051959
14593,7,2011-02-28,11,3,AAPL,0.040935,921278.0,353.20999,0.040935
14593,7,2011-03-31,11,3,AAPL,-0.013314,924674.0,348.50751,-0.013314
14593,7,2011-04-29,11,3,AAPL,0.004656,924755.0,350.13,0.004656
14593,7,2011-05-31,11,3,AAPL,-0.006569,924755.0,347.82999,-0.006569
14593,7,2011-06-30,11,3,AAPL,-0.03496,926904.0,335.67001,-0.03496
14593,7,2011-07-29,11,3,AAPL,0.163285,927091.0,390.48001,0.163285
14593,7,2011-08-31,11,3,AAPL,-0.014469,927091.0,384.82999,-0.014469
14593,7,2011-09-30,11,3,AAPL,-0.009121,929277.0,381.32001,-0.009121
14593,7,2011-10-31,11,3,AAPL,0.061523,929409.0,404.78,0.061523
14593,7,2011-11-30,11,3,AAPL,-0.055783,929409.0,382.20001,-0.055783
14593,7,2011-12-30,11,3,AAPL,0.059655,932214.0,405.0,0.059655
14593,7,2012-01-31,11,3,AAPL,0.127111,932370.0,456.48001,0.127111
14593,7,2012-02-29,11,3,AAPL,0.188311,932370.0,542.44,0.188311
14593,7,2012-03-30,11,3,AAPL,0.105284,934982.0,599.54999,0.105284
14593,7,2012-04-30,11,3,AAPL,-0.02597,935062.0,583.97998,-0.02597
14593,7,2012-05-31,11,3,AAPL,-0.010702,935062.0,577.72998,-0.010702
14593,7,2012-06-29,11,3,AAPL,0.010853,937266.0,584.0,0.010853
14593,7,2012-07-31,11,3,AAPL,0.045822,937406.0,610.76001,0.045822
14593,7,2012-08-31,11,3,AAPL,0.093539,937406.0,665.23999,0.0892
14593,7,2012-09-28,11,3,AAPL,0.002803,939208.0,667.10498,0.002803
14593,7,2012-10-31,11,3,AAPL,-0.107607,940692.0,595.32001,-0.107607
14593,7,2012-11-30,11,3,AAPL,-0.012414,940692.0,585.28003,-0.016865
14593,7,2012-12-31,11,3,AAPL,-0.090738,938973.0,532.17291,-0.090738
14593,7,2013-01-31,11,3,AAPL,-0.144094,939058.0,455.48999,-0.144094
14593,7,2013-02-28,11,3,AAPL,-0.025116,939058.0,441.39999,-0.030934
14593,7,2013-03-28,11,3,AAPL,0.002855,940094.0,442.66,0.002855
14593,7,2013-04-30,11,3,AAPL,0.000271,938649.0,442.78,0.000271
14593,7,2013-05-31,11,3,AAPL,0.022596,938649.0,449.73499,0.015708
14593,7,2013-06-28,11,3,AAPL,-0.118303,908442.0,396.53,-0.118303
14593,7,2013-07-31,11,3,AAPL,0.141225,908497.0,452.53,0.141225
14593,7,2013-08-30,11,3,AAPL,0.083389,908497.0,487.216,0.076649
14593,7,2013-09-30,11,3,AAPL,-0.021481,899213.0,476.75,-0.021481
14593,7,2013-10-31,11,3,AAPL,0.096386,899738.0,522.70203,0.096386
14593,7,2013-11-29,11,3,AAPL,0.069673,899738.0,556.07001,0.063838
14593,7,2013-12-31,11,3,AAPL,0.008902,892447.0,561.02002,0.008902
14593,7,2014-01-31,11,3,AAPL,-0.107697,891989.0,500.60001,-0.107697
14593,7,2014-02-28,11,3,AAPL,0.057311,891989.0,526.23999,0.051219
14593,7,2014-03-31,11,3,AAPL,0.019953,861745.0,536.73999,0.019953
14593,7,2014-04-30,11,3,AAPL,0.099396,861381.0,590.09003,0.099396
14593,7,2014-05-30,11,3,AAPL,0.078293,861381.0,633.0,0.072718
14593,7,2014-06-30,11,3,AAPL,0.027662,5989171.0,92.93,0.027662
14593,7,2014-07-31,11,3,AAPL,0.028731,5987867.0,95.6,0.028731
14593,7,2014-08-29,11,3,AAPL,0.077092,5987867.0,102.5,0.072176
14593,7,2014-09-30,11,3,AAPL,-0.017073,5866161.0,100.75,-0.017073
14593,7,2014-10-31,11,3,AAPL,0.07196,5864840.0,108.0,0.07196
14593,7,2014-11-28,11,3,AAPL,0.105556,5864840.0,118.93,0.101204
14593,7,2014-12-31,11,3,AAPL,-0.071891,5826419.0,110.38,-0.071891
14593,7,2015-01-30,11,3,AAPL,0.061424,5824748.0,117.16,0.061424
14593,7,2015-02-27,11,3,AAPL,0.100461,5824748.0,128.46001,0.096449
14593,7,2015-03-31,11,3,AAPL,-0.031372,5824748.0,124.43,-0.031372
14593,7,2015-04-30,11,3,AAPL,0.005786,5762278.0,125.15,0.005786
14593,7,2015-05-29,11,3,AAPL,0.045146,5762278.0,130.28,0.040991
14593,7,2015-06-30,11,3,AAPL,-0.037266,5705400.0,125.425,-0.037266
14593,7,2015-07-31,11,3,AAPL,-0.032888,5702722.0,121.3,-0.032888
14593,7,2015-08-31,11,3,AAPL,-0.066117,5702722.0,112.76,-0.070404
14593,7,2015-09-30,11,3,AAPL,-0.021816,5702722.0,110.3,-0.021816
14593,7,2015-10-30,11,3,AAPL,0.083409,5575331.0,119.5,0.083409
14593,7,2015-11-30,11,3,AAPL,-0.00569,5575331.0,118.3,-0.010042
14593,7,2015-12-31,11,3,AAPL,-0.110228,5544487.0,105.26,-0.110228
14593,7,2016-01-29,11,3,AAPL,-0.075242,5544583.0,97.34,-0.075242
14593,7,2016-02-29,11,3,AAPL,-0.001335,5544583.0,96.69,-0.006678
14593,7,2016-03-31,11,3,AAPL,0.127211,5478446.0,108.99,0.127211
14593,7,2016-04-29,11,3,AAPL,-0.139921,5477425.0,93.74,-0.139921
14593,7,2016-05-31,11,3,AAPL,0.071368,5477425.0,99.86,0.065287
14593,7,2016-06-30,11,3,AAPL,-0.04266,5393165.0,95.6,-0.04266
14593,7,2016-07-29,11,3,AAPL,0.090063,5388443.0,104.21,0.090063
14593,7,2016-08-31,11,3,AAPL,0.023606,5388443.0,106.1,0.018136
14593,7,2016-09-30,11,3,AAPL,0.065504,5388443.0,113.05,0.065504
14593,7,2016-10-31,11,3,AAPL,0.004334,5332313.0,113.54,0.004334
14593,7,2016-11-30,11,3,AAPL,-0.021578,5332313.0,110.52,-0.026599
14593,7,2016-12-30,11,3,AAPL,0.047955,5257816.0,115.82,0.047955
14593,7,2017-01-31,11,3,AAPL,0.047747,5246540.0,121.35,0.047747
14593,7,2017-02-28,11,3,AAPL,0.133581,5246540.0,136.99001,0.128883
14593,7,2017-03-31,11,3,AAPL,0.04869,5205815.0,143.66,0.04869
14593,7,2017-04-28,11,3,AAPL,-7e-05,5213840.0,143.64999,-7e-05
14593,7,2017-05-31,11,3,AAPL,0.067804,5213840.0,152.75999,0.063418
14593,7,2017-06-30,11,3,AAPL,-0.057214,5169782.0,144.02,-0.057214
14593,7,2017-07-31,11,3,AAPL,0.032704,5165228.0,148.73,0.032704
14593,7,2017-08-31,11,3,AAPL,0.106905,5165228.0,164.0,0.102669
14593,7,2017-09-29,11,3,AAPL,-0.060244,5126201.0,154.12,-0.060244
14593,7,2017-10-31,11,3,AAPL,0.096808,5134312.0,169.03999,0.096808
14593,7,2017-11-30,11,3,AAPL,0.02035,5134312.0,171.85001,0.016623
14593,7,2017-12-29,11,3,AAPL,-0.015246,5087056.0,169.23,-0.015246
14593,7,2018-01-31,11,3,AAPL,-0.010636,5074013.0,167.42999,-0.010636
14593,7,2018-02-28,11,3,AAPL,0.06761,5074013.0,178.12,0.063848
14593,7,2018-03-29,11,3,AAPL,-0.058051,4943282.0,167.78,-0.058051
14593,7,2018-04-30,11,3,AAPL,-0.01502,4915138.0,165.25999,-0.01502
14593,7,2018-05-31,11,3,AAPL,0.135181,4915138.0,186.87,0.130764
14593,7,2018-06-29,11,3,AAPL,-0.009418,4842917.0,185.11,-0.009418
14593,7,2018-07-31,11,3,AAPL,0.027983,4829926.0,190.28999,0.027983
14593,7,2018-08-31,11,3,AAPL,0.200063,4829926.0,227.63,0.196227
14593,7,2018-09-28,11,3,AAPL,-0.008303,4754986.0,225.74001,-0.008303
14593,7,2018-10-31,11,3,AAPL,-0.030478,4745398.0,218.86,-0.030478
14593,7,2018-11-30,11,3,AAPL,-0.180709,4745398.0,178.58,-0.184045
14593,7,2018-12-31,11,3,AAPL,-0.116698,4729803.0,157.74001,-0.116698
14593,7,2019-01-31,11,3,AAPL,0.055154,4715280.0,166.44,0.055154
14593,7,2019-02-28,11,3,AAPL,0.044701,4715280.0,173.14999,0.040315
14593,7,2019-03-29,11,3,AAPL,0.097026,4715280.0,189.95,0.097026
14593,7,2019-04-30,11,3,AAPL,0.056436,4601075.0,200.67,0.056436
14593,7,2019-05-31,11,3,AAPL,-0.123735,4601075.0,175.07001,-0.127573
14593,7,2019-06-28,11,3,AAPL,0.130519,4531395.0,197.92,0.130519
14593,7,2019-07-31,11,3,AAPL,0.076395,4519180.0,213.03999,0.076395
14593,7,2019-08-30,11,3,AAPL,-0.01657,4519180.0,208.74001,-0.020184
14593,7,2019-09-30,11,3,AAPL,0.072962,4443236.0,223.97,0.072962
14593,7,2019-10-31,11,3,AAPL,0.110684,4443265.0,248.75999,0.110684
14593,7,2019-11-29,11,3,AAPL,0.077424,4443265.0,267.25,0.074329
14593,7,2019-12-31,11,3,AAPL,0.098784,4384959.0,293.64999,0.098784
14593,7,2020-01-31,11,3,AAPL,0.05401,4375480.0,309.51001,0.05401
14593,7,2020-02-28,11,3,AAPL,-0.11431,4375480.0,273.35999,-0.116798
14593,7,2020-03-31,11,3,AAPL,-0.069762,4323987.0,254.28999,-0.069762
14593,7,2020-04-30,11,3,AAPL,0.155374,4334335.0,293.79999,0.155374
14593,7,2020-05-29,11,3,AAPL,0.084956,4334335.0,317.94,0.082165
14593,7,2020-06-30,11,3,AAPL,0.147386,4283939.0,364.79999,0.147386
14593,7,2020-07-31,11,3,AAPL,0.165132,4275634.0,425.04001,0.165132
14593,7,2020-08-31,11,3,AAPL,0.216309,17102536.0,129.03999,0.21438
14593,7,2020-09-30,11,3,AAPL,-0.102526,16976763.0,115.81,-0.102526
14593,7,2020-10-30,11,3,AAPL,-0.060012,17001802.0,108.86,-0.060012
14593,7,2020-11-30,11,3,AAPL,0.09549,17001802.0,119.05,0.093607
14593,7,2020-12-31,11,3,AAPL,0.114574,16823263.0,132.69,0.114574
14593,7,2021-01-29,11,3,AAPL,-0.005502,16788096.0,131.96001,-0.005502
14593,7,2021-02-26,11,3,AAPL,-0.079532,16788096.0,121.26,-0.081085
14593,7,2021-03-31,11,3,AAPL,0.00734,16686305.0,122.15,0.00734
14593,7,2021-04-30,11,3,AAPL,0.076218,16687631.0,131.46001,0.076218
14593,7,2021-05-28,11,3,AAPL,-0.050434,16687631.0,124.61,-0.052107
14593,7,2021-06-30,11,3,AAPL,0.099109,16556942.0,136.96001,0.099109
14593,7,2021-07-30,11,3,AAPL,0.064982,16530166.0,145.86,0.064982
14593,7,2021-08-31,11,3,AAPL,0.042438,16530166.0,151.83,0.04093
14593,7,2021-09-30,11,3,AAPL,-0.068037,16426786.0,141.5,-0.068037
14593,7,2021-10-29,11,3,AAPL,0.058657,16406397.0,149.8,0.058657
14593,7,2021-11-30,11,3,AAPL,0.10494,16406397.0,165.3,0.103471
14593,7,2021-12-31,11,3,AAPL,0.074229,16344923.0,177.57001,0.074229
14593,7,2022-01-31,11,3,AAPL,-0.015712,16319441.0,174.78,-0.015712
14593,7,2022-02-28,11,3,AAPL,-0.054011,16319441.0,165.12,-0.05527
14593,7,2022-03-31,11,3,AAPL,0.057473,16207568.0,174.61,0.057473
14593,7,2022-04-29,11,3,AAPL,-0.097131,16185181.0,157.64999,-0.097131
14593,7,2022-05-31,11,3,AAPL,-0.054424,16185181.0,148.84,-0.055883
14593,7,2022-06-30,11,3,AAPL,-0.08143,16095378.0,136.72,-0.08143
14593,7,2022-07-29,11,3,AAPL,0.188634,16070752.0,162.50999,0.188634
14593,7,2022-08-31,11,3,AAPL,-0.031137,16070752.0,157.22,-0.032552
14593,7,2022-09-30,11,3,AAPL,-0.120977,15943425.0,138.2,-0.120977
14593,7,2022-10-31,11,3,AAPL,0.109551,15908118.0,153.34,0.109551
14593,7,2022-11-30,11,3,AAPL,-0.033129,15908118.0,148.03,-0.034629
14593,7,2022-12-30,11,3,AAPL,-0.122273,15842407.0,129.92999,-0.122273
14593,7,2023-01-31,11,3,AAPL,0.110521,15821946.0,144.28999,0.110521
14593,7,2023-02-28,11,3,AAPL,0.023217,15821946.0,147.41,0.021623
14593,7,2023-03-31,11,3,AAPL,0.118649,15723406.0,164.89999,0.118649
14593,7,2023-04-28,11,3,AAPL,0.028987,15728702.0,169.67999,0.028987
14593,7,2023-05-31,11,3,AAPL,0.046028,15728702.0,177.25,0.044613
14593,7,2023-06-30,11,3,AAPL,0.09433,15647868.0,193.97,0.09433
14593,7,2023-07-31,11,3,AAPL,0.012786,15634232.0,196.45,0.012786
14593,7,2023-08-31,11,3,AAPL,-0.042454,15634232.0,187.87,-0.043675
14593,7,2023-09-29,11,3,AAPL,-0.088678,15550061.0,171.21001,-0.088678
14593,7,2023-10-31,11,3,AAPL,-0.00257,15552752.0,170.77,-0.00257
14593,7,2023-11-30,11,3,AAPL,0.11372,15552752.0,189.95,0.112315
14593,7,2023-12-29,11,3,AAPL,0.013583,15460223.0,192.53,0.013583
14593,7,2024-01-31,11,3,AAPL,-0.042227,15441881.0,184.39999,-0.042227
14593,7,2024-02-29,11,3,AAPL,-0.018492,15441881.0,180.75,-0.019794
14593,7,2024-03-28,11,3,AAPL,-0.051286,15337686.0,171.48,-0.051286
14593,7,2024-04-30,11,3,AAPL,-0.006706,15334082.0,170.33,-0.006706
14593,7,2024-05-31,11,3,AAPL,0.130159,15334082.0,192.25,0.128691
14593,7,2024-06-28,11,3,AAPL,0.095553,15222259.0,210.62,0.095553
14593,7,2024-07-31,11,3,AAPL,0.054411,15204137.0,222.08,0.054411
14593,7,2024-08-30,11,3,AAPL,0.032286,15204137.0,229.0,0.03116
14593,7,2024-09-30,11,3,AAPL,0.017467,15116786.0,233.0,0.017467
14593,7,2024-10-31,11,3,AAPL,-0.030429,15115823.0,225.91,-0.030429
14593,7,2024-11-29,11,3,AAPL,0.051658,15115823.0,237.33,0.050551
14593,7,2024-12-31,11,3,AAPL,0.055155,15115823.0,250.42,0.055155
