fdate,permno,comnam,shares,prc,value,weight
1990-03-31,11308,COCA COLA CO,23350000.0,74.75,1745412500.0,0.32447815209841613
1990-03-31,30330,CAPITAL CITIES ABC INC,3000000.0,510.5,1531500000.0,0.28471108688560687
1990-03-31,62236,G E I C O CORP,6850000.0,145.75,998387500.0,0.18560365018478867
1990-03-31,53225,WASHINGTON POST CO,1727765.0,256.75,443603663.75,0.08246743797107398
1990-03-31,38906,WESCO FINANCIAL CORP,5703087.0,57.25,326501730.75,0.06069778820232731
1990-03-31,75789,FEDERAL HOME LOAN MORTGAGE CORP,2400000.0,69.25,166200000.0,0.030897148312365567
1990-03-31,39570,RORER GROUP INC,2061300.0,68.125,140426062.5,0.026105685198459787
1990-03-31,36602,FIRSTIER FINANICAL INC,324148.0,39.75,12884883.0,0.002395343808895775
1990-03-31,42112,P S GROUP INC,250900.0,32.375,8122887.5,0.0015100725620466927
1990-03-31,22066,NATIONAL SERVICE INDUSTRIES INC,225851.0,27.0,6097977.0,0.001133634776019218
1990-06-30,11308,COCA COLA CO,46700000.0,44.375,2072312500.0,0.3412917375460857
1990-06-30,30330,CAPITAL CITIES ABC INC,3000000.0,623.0,1869000000.0,0.3078079476303088
1990-06-30,62236,G E I C O CORP,6850000.0,161.75,1107987500.0,0.18247584717765475
1990-06-30,53225,WASHINGTON POST CO,1727765.0,263.0,454402195.0,0.07483606583288248
1990-06-30,38906,WESCO FINANCIAL CORP,5703087.0,-55.125,314382670.875,0.05177607527692274
1990-06-30,75789,FEDERAL HOME LOAN MORTGAGE CORP,2400000.0,75.5,181200000.0,0.029842054633821266
1990-06-30,62308,TORCHMARK CORP,516650.0,47.75,24670037.5,0.004062939331641388
1990-06-30,42112,P S GROUP INC,603275.0,37.5,22622812.5,0.0037257792858482047
1990-06-30,36602,FIRSTIER FINANICAL INC,324148.0,38.25,12398661.0,0.002041950987573008
1990-06-30,13901,PHILIP MORRIS COS INC,144000.0,46.5,6696000.0,0.0011027726149451832
1990-06-30,22066,NATIONAL SERVICE INDUSTRIES INC,225851.0,27.875,6295596.625,0.0010368296823165053
1990-09-30,11308,COCA COLA CO,46700000.0,39.5,1844650000.0,0.3701767134148479
1990-09-30,30330,CAPITAL CITIES ABC INC,3000000.0,467.0,1401000000.0,0.2811468709479858
1990-09-30,62236,G E I C O CORP,6850000.0,135.0,924750000.0,0.1855749956524981
1990-09-30,53225,WASHINGTON POST CO,1727765.0,212.5,367150062.5,0.07367815220573334
1990-09-30,38906,WESCO FINANCIAL CORP,5703087.0,44.875,255926029.125,0.05135817436305269
1990-09-30,75789,FEDERAL HOME LOAN MORTGAGE CORP,2400000.0,54.25,130200000.0,0.026127996143774267
1990-09-30,42112,P S GROUP INC,603275.0,35.75,21567081.25,0.004327992440341523
1990-09-30,62308,TORCHMARK CORP,516650.0,41.0,21182650.0,0.004250846371082335
1990-09-30,36602,FIRSTIER FINANICAL INC,324148.0,33.25,10777921.0,0.0021628684971267565
1990-09-30,22066,NATIONAL SERVICE INDUSTRIES INC,225851.0,26.375,5956820.125,0.001195389963557273
1990-12-31,11308,COCA COLA CO,46700000.0,46.5,2171550000.0,0.3968051808515817
1990-12-31,30330,CAPITAL CITIES ABC INC,3000000.0,459.125,1377375000.0,0.2516863696324963
1990-12-31,62236,G E I C O CORP,6850000.0,162.125,1110556250.0,0.20293084369556508
1990-12-31,53225,WASHINGTON POST CO,1727765.0,198.0,342097470.0,0.0625111318883832
1990-12-31,38906,WESCO FINANCIAL CORP,5703087.0,47.875,273035290.125,0.04989146815726771
1990-12-31,75789,FEDERAL HOME LOAN MORTGAGE CORP,2400000.0,48.75,117000000.0,0.021379294126147246
1990-12-31,42112,P S GROUP INC,1208032.0,37.75,45603208.0,0.008333029033571549
1990-12-31,62308,TORCHMARK CORP,516650.0,48.875,25251268.75,0.004614139330467013
1990-12-31,36602,FIRSTIER FINANICAL INC,324148.0,28.5,9238218.0,0.0016880904258416048
1990-12-31,22066,NATIONAL SERVICE INDUSTRIES INC,34267.0,25.625,878091.875,0.00016045285867867626
1991-03-31,11308,COCA COLA CO,46700000.0,54.25,2533475000.0,0.3994462618912018
1991-03-31,30330,CAPITAL CITIES ABC INC,3000000.0,464.0,1392000000.0,0.2194729360078757
1991-03-31,62236,G E I C O CORP,6850000.0,180.0,1233000000.0,0.19440382909318302
1991-03-31,53225,WASHINGTON POST CO,1727765.0,227.0,392202655.0,0.0618375489963606
1991-03-31,50024,WELLS FARGO & CO NEW,5000000.0,73.375,366875000.0,0.057844205027219396
1991-03-31,38906,WESCO FINANCIAL CORP,5703087.0,55.875,318659986.125,0.05024227208554791
1991-03-31,42112,P S GROUP INC,1208032.0,53.0,64025696.0,0.010094761121456684
1991-03-31,62308,TORCHMARK CORP,516650.0,56.625,29255306.25,0.004612606290586966
1991-03-31,36602,FIRSTIER FINANICAL INC,324148.0,37.25,12074513.0,0.0019037563354707351
1991-03-31,22066,NATIONAL SERVICE INDUSTRIES INC,34267.0,26.25,899508.75,0.00014182315109717979
1991-06-30,11308,COCA COLA CO,46700000.0,54.5,2545150000.0,0.3613007008752932
1991-06-30,30330,CAPITAL CITIES ABC INC,3000000.0,428.875,1286625000.0,0.1826448398969311
1991-06-30,62236,G E I C O CORP,6850000.0,183.5,1256975000.0,0.1784358283333877
1991-06-30,16424,GILLETTE CO,24000000.0,34.25,822000000.0,0.11668828010902738
1991-06-30,53225,WASHINGTON POST CO,1727765.0,224.0,387019360.0,0.05493993124975244
1991-06-30,50024,WELLS FARGO & CO NEW,5000000.0,69.0,345000000.0,0.04897500807495674
1991-06-30,38906,WESCO FINANCIAL CORP,5703087.0,54.5,310818241.5,0.04412268373132277
1991-06-30,42112,P S GROUP INC,1208032.0,42.5,51341360.0,0.007288242088635539
1991-06-30,62308,TORCHMARK CORP,516650.0,48.25,24928362.5,0.003538744216617243
1991-06-30,36602,FIRSTIER FINANICAL INC,324148.0,42.25,13695253.0,0.001944130800763987
1991-06-30,22066,NATIONAL SERVICE INDUSTRIES INC,34267.0,25.0,856675.0,0.0001216106233119234
1991-09-30,11308,COCA COLA CO,46700000.0,64.5,3012150000.0,0.3830261914276276
1991-09-30,62236,G E I C O CORP,6850000.0,193.0,1322050000.0,0.16811240355788892
1991-09-30,30330,CAPITAL CITIES ABC INC,3000000.0,430.0,1290000000.0,0.16403691281697114
1991-09-30,16424,GILLETTE CO,24000000.0,40.875,981000000.0,0.1247443499794176
1991-09-30,50024,WELLS FARGO & CO NEW,5000000.0,74.25,371250000.0,0.0472082975839539
1991-09-30,53225,WASHINGTON POST CO,1727765.0,211.25,364990356.25,0.04641231879629185
1991-09-30,38906,WESCO FINANCIAL CORP,5703087.0,60.0,342185220.0,0.04351240860495821
1991-09-30,10401,AMERICAN TELEPHONE & TELEG CO,2166480.0,37.5,81243000.0,0.010330892176735804
1991-09-30,42112,P S GROUP INC,1208032.0,46.25,55871480.0,0.007104639607531122
1991-09-30,62308,TORCHMARK CORP,516650.0,49.875,25767918.75,0.0032766587918360824
1991-09-30,36602,FIRSTIER FINANICAL INC,324148.0,51.75,16774659.0,0.002133072306912729
1991-09-30,22066,NATIONAL SERVICE INDUSTRIES INC,34267.0,23.375,800991.125,0.00010185434987503306
1991-12-31,11308,COCA COLA CO,46700000.0,80.25,3747675000.0,0.42222910931680124
1991-12-31,62236,G E I C O CORP,6850000.0,199.0,1363150000.0,0.15357831465247057
1991-12-31,16424,GILLETTE CO,24000000.0,56.125,1347000000.0,0.15175878651423383
1991-12-31,30330,CAPITAL CITIES ABC INC,3000000.0,433.5,1300500000.0,0.14651989744748412
1991-12-31,38906,WESCO FINANCIAL CORP,5703087.0,72.375,412760921.625,0.04650341246199464
1991-12-31,53225,WASHINGTON POST CO,1727765.0,194.5,336050292.5,0.037860864586156895
1991-12-31,50024,WELLS FARGO & CO NEW,5000000.0,58.0,290000000.0,0.032672641491557394
1991-12-31,42112,P S GROUP INC,1208032.0,30.25,36542968.0,0.004117087215522256
1991-12-31,62308,TORCHMARK CORP,416995.0,57.875,24133585.625,0.002718993072522166
1991-12-31,36602,FIRSTIER FINANICAL INC,324148.0,55.0,17828140.0,0.002008594574763083
1991-12-31,22066,NATIONAL SERVICE INDUSTRIES INC,12397.0,23.125,286680.625,3.2298666493795194e-05
1992-03-31,11308,COCA COLA CO,46700000.0,81.75,3817725000.0,0.42172894621391627
1992-03-31,62236,G E I C O CORP,6850000.0,234.0,1602900000.0,0.17706600865339603
1992-03-31,30330,CAPITAL CITIES ABC INC,3000000.0,427.0,1281000000.0,0.14150699175556825
1992-03-31,16424,GILLETTE CO,24000000.0,47.25,1134000000.0,0.12526848450492925
1992-03-31,38906,WESCO FINANCIAL CORP,5703087.0,70.25,400641861.75,0.04425731821045493
1992-03-31,53225,WASHINGTON POST CO,1727765.0,227.5,393066537.5,0.0434205021712742
1992-03-31,50024,WELLS FARGO & CO NEW,5000000.0,70.0,350000000.0,0.03866311250152138
1992-03-31,42112,P S GROUP INC,1208032.0,24.25,29294776.0,0.003236077771985338
1992-03-31,62308,TORCHMARK CORP,416995.0,57.0,23768715.0,0.0026256357201759964
1992-03-31,36602,FIRSTIER FINANICAL INC,324148.0,61.25,19854065.0,0.0021931998534500514
1992-03-31,22066,NATIONAL SERVICE INDUSTRIES INC,12397.0,24.625,305276.125,3.372264332829572e-05
1992-06-30,11308,COCA COLA CO,93400000.0,40.0,3736000000.0,0.39470301866677787
1992-06-30,62236,G E I C O CORP,34250000.0,58.75,2012187500.0,0.2125847110207594
1992-06-30,30330,CAPITAL CITIES ABC INC,3000000.0,456.75,1370250000.0,0.14476493879233202
1992-06-30,16424,GILLETTE CO,24000000.0,47.625,1143000000.0,0.12075630362316037
1992-06-30,38906,WESCO FINANCIAL CORP,5703087.0,67.875,387097030.125,0.0408962436582661
1992-06-30,53225,WASHINGTON POST CO,1727765.0,217.0,374925005.0,0.039610286736391005
1992-06-30,50024,WELLS FARGO & CO NEW,5000000.0,74.625,373125000.0,0.03942011880086764
1992-06-30,62308,TORCHMARK CORP,416995.0,67.875,28303535.625,0.0029902277703774596
1992-06-30,36602,FIRSTIER FINANICAL INC,324148.0,66.125,21434286.5,0.0022645014947854833
1992-06-30,42112,P S GROUP INC,1208032.0,15.5,18724496.0,0.001978216031641865
1992-06-30,22066,NATIONAL SERVICE INDUSTRIES INC,12397.0,24.0,297528.0,3.1433404640762604e-05
1992-09-30,11308,COCA COLA CO,93400000.0,40.5,3782700000.0,0.39162730905604387
1992-09-30,62236,G E I C O CORP,34250000.0,53.625,1836656250.0,0.19015114728856758
1992-09-30,16424,GILLETTE CO,24000000.0,57.375,1377000000.0,0.1425624037248982
1992-09-30,30330,CAPITAL CITIES ABC INC,3000000.0,453.5,1360500000.0,0.14085413962797674
1992-09-30,53225,WASHINGTON POST CO,1727765.0,240.25,415095541.25,0.04297532181269981
1992-09-30,50024,WELLS FARGO & CO NEW,6080000.0,68.25,414960000.0,0.04296128907021333
1992-09-30,38906,WESCO FINANCIAL CORP,5703087.0,69.5,396364546.5,0.04103608024718169
1992-09-30,62308,TORCHMARK CORP,625492.0,50.125,31352786.5,0.003245990273720797
1992-09-30,36602,FIRSTIER FINANICAL INC,648296.0,38.5,24959396.0,0.0025840751556148213
1992-09-30,42112,P S GROUP INC,1208032.0,15.75,19026504.0,0.001969835980189826
1992-09-30,22066,NATIONAL SERVICE INDUSTRIES INC,12397.0,25.25,313024.25,3.240776289337942e-05
1992-12-31,11308,COCA COLA CO,93400000.0,41.875,3911125000.0,0.3587391113353943
1992-12-31,62236,G E I C O CORP,34250000.0,65.0,2226250000.0,0.2041977555333623
1992-12-31,30330,CAPITAL CITIES ABC INC,3000000.0,507.75,1523250000.0,0.1397166675423668
1992-12-31,16424,GILLETTE CO,24000000.0,56.875,1365000000.0,0.12520154353870389
1992-12-31,50024,WELLS FARGO & CO NEW,6358418.0,76.375,485624174.75,0.04454278114169177
1992-12-31,38906,WESCO FINANCIAL CORP,5703087.0,83.0,473356221.0,0.043417530778643104
1992-12-31,12052,GENERAL DYNAMICS CORP,4350000.0,103.625,450768750.0,0.041345745991950275
1992-12-31,53225,WASHINGTON POST CO,1727765.0,229.75,396954008.75,0.036409710336539315
1992-12-31,36602,FIRSTIER FINANICAL INC,648296.0,45.25,29335394.0,0.0026907227905611964
1992-12-31,62308,TORCHMARK CORP,512589.0,57.125,29281646.625,0.0026857929339229886
1992-12-31,42112,P S GROUP INC,1208032.0,9.5,11476304.0,0.0010526380768640304
1993-03-31,11308,COCA COLA CO,93400000.0,42.625,3981175000.0,0.3536637715257012
1993-03-31,62236,G E I C O CORP,34250000.0,60.375,2067843750.0,0.18369486886430494
1993-03-31,30330,CAPITAL CITIES ABC INC,3000000.0,546.0,1638000000.0,0.14551012144884326
1993-03-31,16424,GILLETTE CO,24000000.0,60.5,1452000000.0,0.1289869941048354
1993-03-31,50024,WELLS FARGO & CO NEW,6486818.0,108.625,704630605.25,0.06259516785500575
1993-03-31,38906,WESCO FINANCIAL CORP,5703087.0,87.5,499020112.5,0.04432996164547645
1993-03-31,12052,GENERAL DYNAMICS CORP,4350000.0,98.25,427387500.0,0.03796654885880189
1993-03-31,53225,WASHINGTON POST CO,1727765.0,240.0,414663600.0,0.036836233697444785
1993-03-31,62308,TORCHMARK CORP,512589.0,59.875,30691266.375,0.0027264285089408117
1993-03-31,36602,FIRSTIER FINANICAL INC,648296.0,42.875,27795691.0,0.002469202914019853
1993-03-31,42112,P S GROUP INC,1208032.0,11.375,13741364.0,0.0012207005766256183
1993-06-30,11308,COCA COLA CO,93400000.0,43.0,4016200000.0,0.36616858565997856
1993-06-30,62236,G E I C O CORP,34250000.0,52.0,1781000000.0,0.16237892810627505
1993-06-30,30330,CAPITAL CITIES ABC INC,3000000.0,513.0,1539000000.0,0.1403150872293977
1993-06-30,16424,GILLETTE CO,24000000.0,55.125,1323000000.0,0.12062174165334189
1993-06-30,38906,WESCO FINANCIAL CORP,5703087.0,129.5,738549766.5,0.06733572118888811
1993-06-30,50024,WELLS FARGO & CO NEW,6486818.0,110.25,715171684.5,0.06520427374568732
1993-06-30,53225,WASHINGTON POST CO,1727765.0,228.5,394794302.5,0.035994539956437116
1993-06-30,12052,GENERAL DYNAMICS CORP,4350000.0,88.375,384431250.0,0.035049710446690314
1993-06-30,36602,FIRSTIER FINANICAL INC,648296.0,55.0,35656280.0,0.003250886314799109
1993-06-30,62308,TORCHMARK CORP,512589.0,53.125,27231290.625,0.0024827556331487683
1993-06-30,42112,P S GROUP INC,1208032.0,10.875,13137348.0,0.0011977700653560451
1993-09-30,11308,COCA COLA CO,93400000.0,42.25,3946150000.0,0.34574341319115226
1993-09-30,62236,G E I C O CORP,34250000.0,54.75,1875187500.0,0.16429525654711144
1993-09-30,30330,CAPITAL CITIES ABC INC,3000000.0,577.0,1731000000.0,0.151662214622831
1993-09-30,16424,GILLETTE CO,24000000.0,57.5,1380000000.0,0.12090921789688433
1993-09-30,50024,WELLS FARGO & CO NEW,6486818.0,126.375,819771624.75,0.07182459855259467
1993-09-30,38906,WESCO FINANCIAL CORP,5703087.0,141.0,804135267.0,0.07045461320019729
1993-09-30,12052,GENERAL DYNAMICS CORP,4350000.0,92.125,400743750.0,0.035111314050409084
1993-09-30,53225,WASHINGTON POST CO,1727765.0,221.0,381836065.0,0.033454710133314414
1993-09-30,36602,FIRSTIER FINANICAL INC,648296.0,50.75,32901022.0,0.0028826353898754966
1993-09-30,62308,TORCHMARK CORP,512589.0,56.5,28961278.5,0.002537453284586124
1993-09-30,42112,P S GROUP INC,1208032.0,10.625,12835340.0,0.0011245731310439097
1993-12-31,11308,COCA COLA CO,93400000.0,44.625,4167975000.0,0.36592133320104825
1993-12-31,62236,G E I C O CORP,34250000.0,51.375,1759593750.0,0.1544809867842854
1993-12-31,16424,GILLETTE CO,24000000.0,59.625,1431000000.0,0.12563257404631747
1993-12-31,30330,CAPITAL CITIES ABC INC,2000000.0,619.5,1239000000.0,0.10877621191012392
1993-12-31,50024,WELLS FARGO & CO NEW,6791218.0,129.375,878613828.75,0.07713662955873715
1993-12-31,38906,WESCO FINANCIAL CORP,5703087.0,129.5,738549766.5,0.0648399079152353
1993-12-31,53225,WASHINGTON POST CO,1727765.0,254.75,440148133.75,0.03864216841697786
1993-12-31,12052,GENERAL DYNAMICS CORP,4350000.0,92.25,401287500.0,0.03523045531629044
1993-12-31,32475,PARAMOUNT COMMUNICATIONS INC,3181600.0,77.75,247369400.0,0.02171743847819226
1993-12-31,36602,FIRSTIER FINANICAL INC,648296.0,49.625,32171689.0,0.002824466876651011
1993-12-31,27596,SALOMON INC,495200.0,47.625,23583900.0,0.00207051436970716
1993-12-31,42112,P S GROUP INC,1208032.0,13.375,16157428.0,0.00141851800811184
1993-12-31,62308,TORCHMARK CORP,331281.0,45.0,14907645.0,0.0013087951183219527
1994-03-31,11308,COCA COLA CO,93400000.0,40.625,3794375000.0,0.3375024335351407
1994-03-31,62236,G E I C O CORP,34250000.0,53.75,1840937500.0,0.16374788634125464
1994-03-31,16424,GILLETTE CO,24000000.0,63.25,1518000000.0,0.13502321043817325
1994-03-31,30330,CAPITAL CITIES ABC INC,2000000.0,684.0,1368000000.0,0.12168099596799802
1994-03-31,50024,WELLS FARGO & CO NEW,6791218.0,139.375,946526008.75,0.08419168673560966
1994-03-31,38906,WESCO FINANCIAL CORP,5703087.0,128.5,732846679.5,0.06518531714429841
1994-03-31,53225,WASHINGTON POST CO,1727765.0,232.75,402137303.75,0.03576934768726999
1994-03-31,27596,SALOMON INC,6015000.0,48.5,291727500.0,0.02594860581232028
1994-03-31,12052,GENERAL DYNAMICS CORP,3437100.0,84.875,291723862.5,0.025948282263619376
1994-03-31,36602,FIRSTIER FINANICAL INC,648296.0,44.75,29011246.0,0.0025804951078600867
1994-03-31,42112,P S GROUP INC,1208032.0,11.5,13892368.0,0.0012356996890306613
1994-03-31,62308,TORCHMARK CORP,331281.0,40.25,13334060.25,0.0011860392774249216
1994-06-30,11308,COCA COLA CO,94970200.0,40.625,3858164375.0,0.34087331618468136
1994-06-30,62236,G E I C O CORP,34250000.0,51.125,1751031250.0,0.15470565038600975
1994-06-30,16424,GILLETTE CO,24000000.0,65.125,1563000000.0,0.1380928704461061
1994-06-30,30330,CAPITAL CITIES ABC INC,20000000.0,71.125,1422500000.0,0.12567953180395774
1994-06-30,50024,WELLS FARGO & CO NEW,6791218.0,150.375,1021229406.75,0.09022680752532408
1994-06-30,38906,WESCO FINANCIAL CORP,5703087.0,115.75,660132320.25,0.058323459358650465
1994-06-30,53225,WASHINGTON POST CO,1727765.0,231.25,399545656.25,0.035300324085627444
1994-06-30,27596,SALOMON INC,6633600.0,47.75,316754400.0,0.027985620167904075
1994-06-30,12052,GENERAL DYNAMICS CORP,6605900.0,40.875,270016162.5,0.02385624244815562
1994-06-30,36602,FIRSTIER FINANICAL INC,648296.0,47.5,30794060.0,0.00272069106723584
1994-06-30,62308,TORCHMARK CORP,331281.0,39.0,12919959.0,0.0011414934256916203
1994-06-30,42112,P S GROUP INC,1208032.0,10.25,12382328.0,0.001093993100655913
1994-09-30,11308,COCA COLA CO,100000000.0,48.625,4862500000.0,0.3892962796640796
1994-09-30,16424,GILLETTE CO,24000000.0,70.75,1698000000.0,0.13594346177266986
1994-09-30,62236,G E I C O CORP,34250000.0,48.875,1673968750.0,0.134019497511348
1994-09-30,30330,CAPITAL CITIES ABC INC,20000000.0,82.0,1640000000.0,0.13129992774274354
1994-09-30,50024,WELLS FARGO & CO NEW,6791218.0,145.125,985575512.25,0.07890609362405028
1994-09-30,38906,WESCO FINANCIAL CORP,5703087.0,116.0,661558092.0,0.052964957120260545
1994-09-30,53225,WASHINGTON POST CO,1727765.0,235.375,406672686.875,0.03255859414733834
1994-09-30,27596,SALOMON INC,6633600.0,39.5,262027200.0,0.02097814172355696
1994-09-30,12052,GENERAL DYNAMICS CORP,5498800.0,43.75,240572500.0,0.019260458455421448
1994-09-30,36602,FIRSTIER FINANICAL INC,972444.0,33.0,32090652.0,0.00256920749318142
1994-09-30,62308,TORCHMARK CORP,331281.0,43.875,14534953.875,0.0011636819472753723
1994-09-30,42112,P S GROUP INC,1208032.0,10.75,12986344.0,0.001039698798074641
1994-12-31,11308,COCA COLA CO,100000000.0,51.5,5150000000.0,0.39847966572956334
1994-12-31,16424,GILLETTE CO,24000000.0,74.875,1797000000.0,0.13904232219728646
1994-12-31,30330,CAPITAL CITIES ABC INC,20000000.0,85.25,1705000000.0,0.1319238504988166
1994-12-31,62236,G E I C O CORP,34250000.0,49.0,1678250000.0,0.12985407747779412
1994-12-31,50024,WELLS FARGO & CO NEW,6791218.0,145.0,984726610.0,0.0761929185219041
1994-12-31,38906,WESCO FINANCIAL CORP,5703087.0,115.125,656567890.875,0.050801738579540665
1994-12-31,53225,WASHINGTON POST CO,1727765.0,242.5,418983012.5,0.03241868170240106
1994-12-31,27596,SALOMON INC,6633600.0,37.5,248760000.0,0.01924772847512353
1994-12-31,12052,GENERAL DYNAMICS CORP,5273348.0,43.5,229390638.0,0.017749030048879857
1994-12-31,36602,FIRSTIER FINANICAL INC,972444.0,31.625,30753541.5,0.0023795458129942243
1994-12-31,42112,P S GROUP INC,1208032.0,10.875,13137348.0,0.001016498260119019
1994-12-31,62308,TORCHMARK CORP,331281.0,34.875,11553424.875,0.0008939426955770141
1995-03-31,11308,COCA COLA CO,100000000.0,56.375,5637500000.0,0.40813772221205635
1995-03-31,16424,GILLETTE CO,24000000.0,81.625,1959000000.0,0.14182559606446446
1995-03-31,30330,CAPITAL CITIES ABC INC,20000000.0,88.5,1770000000.0,0.12814257531092502
1995-03-31,62236,G E I C O CORP,34250000.0,50.375,1725343750.0,0.1249095996732253
1995-03-31,50024,WELLS FARGO & CO NEW,6791218.0,156.375,1061976714.75,0.07688385940581956
1995-03-31,38906,WESCO FINANCIAL CORP,5703087.0,120.0,684370440.0,0.049546322400153046
1995-03-31,53225,WASHINGTON POST CO,1727765.0,257.0,444035605.0,0.032146816923415054
1995-03-31,12052,GENERAL DYNAMICS CORP,5273348.0,47.0,247847356.0,0.017943388972793017
1995-03-31,27596,SALOMON INC,6633600.0,33.875,224713200.0,0.016268546979863817
1995-03-31,36602,FIRSTIER FINANICAL INC,972444.0,33.5,32576874.0,0.00235846583612402
1995-03-31,62308,TORCHMARK CORP,331281.0,41.5,13748161.5,0.0009953247572884237
1995-03-31,42112,P S GROUP INC,1208032.0,9.625,11627308.0,0.0008417814638719327
1995-06-30,11308,COCA COLA CO,100000000.0,63.75,6375000000.0,0.4095190014171165
1995-06-30,30330,CAPITAL CITIES ABC INC,20000000.0,108.0,2160000000.0,0.13875467342132888
1995-06-30,16424,GILLETTE CO,48000000.0,44.5,2136000000.0,0.13721295482775855
1995-06-30,62236,G E I C O CORP,34250000.0,56.625,1939406250.0,0.12458411150464542
1995-06-30,50024,WELLS FARGO & CO NEW,6791218.0,180.25,1224117044.5,0.07863516700883325
1995-06-30,38906,WESCO FINANCIAL CORP,5703087.0,126.25,720014733.75,0.04625250427778996
1995-06-30,53225,WASHINGTON POST CO,1727765.0,261.0,450946665.0,0.028968035755792775
1995-06-30,27596,SALOMON INC,6633600.0,40.125,266173200.0,0.017098507147921323
1995-06-30,12052,GENERAL DYNAMICS CORP,5273348.0,44.375,234004817.5,0.01503206575519915
1995-06-30,36602,FIRSTIER FINANICAL INC,972444.0,36.75,35737317.0,0.00229570358763403
1995-06-30,42112,P S GROUP INC,1208032.0,10.875,13137348.0,0.0008439205700751612
1995-06-30,62308,TORCHMARK CORP,331281.0,37.75,12505857.75,0.0008033547259050207
1995-09-30,11308,COCA COLA CO,100000000.0,69.0,6900000000.0,0.40422246628598835
1995-09-30,30330,CAPITAL CITIES ABC INC,20000000.0,117.625,2352500000.0,0.13781642781707065
1995-09-30,62236,G E I C O CORP,34250000.0,68.25,2337562500.0,0.13694134476052763
1995-09-30,16424,GILLETTE CO,48000000.0,47.625,2286000000.0,0.13392066056953178
1995-09-30,50024,WELLS FARGO & CO NEW,6791218.0,185.625,1260619841.25,0.07385084946074291
1995-09-30,38906,WESCO FINANCIAL CORP,5703087.0,140.25,799857951.75,0.04685805129490494
1995-09-30,53225,WASHINGTON POST CO,1727765.0,311.0,537334915.0,0.031478673125053896
1995-09-30,12052,GENERAL DYNAMICS CORP,4999748.0,54.875,274361171.5,0.01607289121693377
1995-09-30,27596,SALOMON INC,6633600.0,38.5,255393600.0,0.014961714618211186
1995-09-30,36602,FIRSTIER FINANICAL INC,972444.0,41.125,39991759.5,0.0023428358922037832
1995-09-30,62308,TORCHMARK CORP,331281.0,42.125,13955212.125,0.0008175377192335693
1995-09-30,42112,P S GROUP INC,1208032.0,10.125,12231324.0,0.0007165472395975363
1995-12-31,11308,COCA COLA CO,100000000.0,74.25,7425000000.0,0.40399983698546726
1995-12-31,16424,GILLETTE CO,48000000.0,52.125,2502000000.0,0.13613570264479988
1995-12-31,30330,CAPITAL CITIES ABC INC,20000000.0,123.375,2467500000.0,0.13425853168506943
1995-12-31,62236,G E I C O CORP,34250000.0,69.875,2393218750.0,0.1302168329792005
1995-12-31,50024,WELLS FARGO & CO NEW,6791218.0,216.0,1466903088.0,0.07981530079804425
1995-12-31,38906,WESCO FINANCIAL CORP,5703087.0,182.0,1037961834.0,0.05647628440850325
1995-12-31,53225,WASHINGTON POST CO,1727765.0,282.0,487229730.0,0.02651053622821188
1995-12-31,12052,GENERAL DYNAMICS CORP,4963703.0,59.125,293478939.875,0.01596840994857478
1995-12-31,27596,SALOMON INC,6633600.0,35.375,234663600.0,0.012768223050023286
1995-12-31,36602,FIRSTIER FINANICAL INC,972444.0,44.0,42787536.0,0.0023281020294962707
1995-12-31,62308,TORCHMARK CORP,331281.0,45.25,14990465.25,0.0008156424939173484
1995-12-31,42112,P S GROUP INC,1208032.0,10.75,12986344.0,0.0007065967486918789
1996-03-31,11308,COCA COLA CO,100000000.0,82.75,8275000000.0,0.5623138427464385
1996-03-31,16424,GILLETTE CO,48000000.0,51.75,2484000000.0,0.16879608282563785
1996-03-31,50024,WELLS FARGO & CO NEW,7291418.0,261.25,1904882952.5,0.12944314839908838
1996-03-31,38906,WESCO FINANCIAL CORP,5703087.0,170.0,969524790.0,0.06588244233266874
1996-03-31,53225,WASHINGTON POST CO,1727765.0,298.125,515089940.625,0.03500207901787052
1996-03-31,12052,GENERAL DYNAMICS CORP,4963703.0,58.5,290376625.5,0.01973205995512368
1996-03-31,27596,SALOMON INC,6633600.0,37.5,248760000.0,0.016904071482973296
1996-03-31,62308,TORCHMARK CORP,331281.0,45.0,14907645.0,0.0010130241868579735
1996-03-31,42112,P S GROUP INC,1208032.0,11.125,13439356.0,0.0009132490533410761
1996-06-30,11308,COCA COLA CO,200000000.0,49.0,9800000000.0,0.5890147646232382
1996-06-30,16424,GILLETTE CO,48000000.0,62.375,2994000000.0,0.17995002094714033
1996-06-30,50024,WELLS FARGO & CO NEW,7291418.0,239.125,1743560329.25,0.10479416091220455
1996-06-30,38906,WESCO FINANCIAL CORP,5703087.0,160.25,913919691.75,0.05492981552251722
1996-06-30,53225,WASHINGTON POST CO,1727765.0,324.0,559795860.0,0.03364571701173094
1996-06-30,12052,GENERAL DYNAMICS CORP,4898303.0,62.0,303694786.0,0.018253133968683135
1996-06-30,27596,SALOMON INC,6633600.0,44.0,291878400.0,0.017542927252510956
1996-06-30,42112,P S GROUP HOLDINGS INC,1208032.0,13.75,16610440.0,0.0009983463680498389
1996-06-30,62308,TORCHMARK CORP,331281.0,43.75,14493543.75,0.0008711133939247812
1996-09-30,11308,COCA COLA CO,200000000.0,50.875,10175000000.0,0.5724971968262024
1996-09-30,16424,GILLETTE CO,48000000.0,72.125,3462000000.0,0.19478970962283174
1996-09-30,50024,WELLS FARGO & CO NEW,7291418.0,260.0,1895768680.0,0.10666557789984372
1996-09-30,38906,WESCO FINANCIAL CORP,5703087.0,174.0,992337138.0,0.05583392921980702
1996-09-30,53225,WASHINGTON POST CO,1727765.0,349.0,602989985.0,0.03392728020901954
1996-09-30,12052,GENERAL DYNAMICS CORP,4522803.0,68.875,311508056.625,0.017527025966249676
1996-09-30,27596,SALOMON INC,6633600.0,45.625,302658000.0,0.01702907681543241
1996-09-30,42112,P S GROUP HOLDINGS INC,1208032.0,12.875,15553412.0,0.0008751139824160215
1996-09-30,62308,TORCHMARK CORP,331281.0,45.875,15197515.875,0.0008550894581974655
1996-12-31,11308,COCA COLA CO,200000000.0,52.625,10525000000.0,0.5629294763716538
1996-12-31,16424,GILLETTE CO,48000000.0,77.75,3732000000.0,0.1996059672987185
1996-12-31,50024,WELLS FARGO & CO NEW,7291418.0,269.75,1966860005.5,0.10519747961923641
1996-12-31,38906,WESCO FINANCIAL CORP,5703087.0,187.0,1066477269.0,0.05704052167225096
1996-12-31,53225,WASHINGTON POST CO,1727765.0,335.125,579017245.625,0.03096872920568537
1996-12-31,27596,SALOMON INC,10407806.0,47.125,490467857.75,0.026232666445637463
1996-12-31,12052,GENERAL DYNAMICS CORP,4296471.0,70.75,303975323.25,0.01625811587145147
1996-12-31,62308,TORCHMARK CORP,331281.0,50.5,16729690.5,0.0008947872601448771
1996-12-31,42112,P S GROUP HOLDINGS INC,1208032.0,13.5,16308432.0,0.0008722562552211613
1997-03-31,11308,COCA COLA CO,200000000.0,55.75,11150000000.0,0.579891108693291
1997-03-31,16424,GILLETTE CO,48000000.0,72.625,3486000000.0,0.18130048474482624
1997-03-31,50024,WELLS FARGO & CO NEW,6996418.0,284.125,1987857264.25,0.10338482088699057
1997-03-31,38906,WESCO FINANCIAL CORP,5703087.0,205.0,1169132835.0,0.06080446061864399
1997-03-31,53225,WASHINGTON POST CO,1727765.0,344.0,594351160.0,0.030911116872246062
1997-03-31,27596,SALOMON INC,10317806.0,49.875,514600574.25,0.026763434756595223
1997-03-31,12052,GENERAL DYNAMICS CORP,4296471.0,67.625,290548851.375,0.015110914399409058
1997-03-31,62308,TORCHMARK CORP,331281.0,55.375,18344685.375,0.0009540735372859508
1997-03-31,42112,P S GROUP HOLDINGS INC,1208032.0,14.0,16912448.0,0.0008795854907118953
1997-06-30,11308,COCA COLA CO,200000000.0,68.0,13600000000.0,0.638888425913354
1997-06-30,16424,GILLETTE CO,48000000.0,94.75,4548000000.0,0.21365180595984812
1997-06-30,38906,WESCO FINANCIAL CORP,5703087.0,325.25,1854929046.75,0.08713916903375485
1997-06-30,53225,WASHINGTON POST CO,1727765.0,402.0,694561530.0,0.03262847960306403
1997-06-30,27596,SALOMON INC,10317806.0,55.625,573927958.75,0.0269614654524597
1997-06-30,42112,P S GROUP HOLDINGS INC,1208032.0,12.875,15553412.0,0.0007306540375192553
1997-09-30,11308,COCA COLA CO,200000000.0,61.0,12200000000.0,0.6191045179733967
1997-09-30,16424,GILLETTE CO,48000000.0,86.3125,4143000000.0,0.21024180475112972
1997-09-30,38906,WESCO FINANCIAL CORP,5703087.0,315.0,1796472405.0,0.09116427724180604
1997-09-30,27596,SALOMON INC,10317806.0,75.1875,775770038.625,0.03936743736238803
1997-09-30,53225,WASHINGTON POST CO,1727765.0,448.125,774254690.625,0.03929053910065836
1997-09-30,42112,P S GROUP HOLDINGS INC,1208032.0,13.5625,16383934.0,0.0008314235706211431
1997-12-31,11308,COCA COLA CO,200000000.0,66.6875,13337500000.0,0.6435438278073415
1997-12-31,16424,GILLETTE CO,48000000.0,100.4375,4821000000.0,0.2326166668310548
1997-12-31,38906,WESCO FINANCIAL CORP,5703087.0,300.0,1710926100.0,0.08255339692517237
1997-12-31,53225,WASHINGTON POST CO,1727765.0,486.5,840557672.5,0.0405575034341878
1997-12-31,42112,P S GROUP HOLDINGS INC,1208032.0,12.5,15100400.0,0.0007286050022434475
1998-03-31,11308,COCA COLA CO,200000000.0,77.4375,15487500000.0,0.6399256997204753
1998-03-31,16424,GILLETTE CO,48000000.0,118.6875,5697000000.0,0.23539349225553174
1998-03-31,38906,WESCO FINANCIAL CORP,5703087.0,365.25,2083052526.75,0.08606933628635983
1998-03-31,53225,WASHINGTON POST CO,1727765.0,531.8125,918847024.0625,0.037965702973964274
1998-03-31,42112,P S GROUP HOLDINGS INC,1208032.0,12.9375,15628914.0,0.0006457687636688383
1998-06-30,11308,COCA COLA CO,200000000.0,85.5,17100000000.0,0.530205073352502
1998-06-30,59176,AMERICAN EXPRESS CO,49456900.0,113.75,5625722375.0,0.17443196166653138
1998-06-30,16424,GILLETTE CO,96000000.0,56.875,5460000000.0,0.16929354973711466
1998-06-30,38906,WESCO FINANCIAL CORP,5703087.0,391.0,2229907017.0,0.06914081950396163
1998-06-30,53225,WASHINGTON POST CO,1727765.0,579.0,1000375935.0,0.031017800935482617
1998-06-30,68144,SUNTRUST BANKS INC,6641400.0,81.3125,540028837.5,0.016744212245564553
1998-06-30,35554,M & T BANK CORP,506930.0,554.0,280839220.0,0.008707741476044412
1998-06-30,42112,P S GROUP HOLDINGS INC,1208032.0,12.25,14798392.0,0.0004588410827987765
1998-09-30,11308,COCA COLA CO,200000000.0,57.625,11525000000.0,0.518122227786978
1998-09-30,59176,AMERICAN EXPRESS CO,49456900.0,77.625,3839091862.5,0.172591655399337
1998-09-30,16424,GILLETTE CO,96000000.0,38.25,3672000000.0,0.16507981088362547
1998-09-30,38906,WESCO FINANCIAL CORP,5703087.0,292.0,1665301404.0,0.07486591526049999
1998-09-30,53225,WASHINGTON POST CO,1727765.0,511.0,882887915.0,0.03969144064260305
1998-09-30,68144,SUNTRUST BANKS INC,6641400.0,62.0,411766800.0,0.018511542884573972
1998-09-30,35554,M & T BANK CORP,506930.0,461.0,233694730.0,0.010506068037282112
1998-09-30,42112,P S GROUP HOLDINGS INC,1208032.0,11.625,14043372.0,0.0006313391051003271
1998-12-31,11308,COCA COLA CO,200000000.0,67.0,13400000000.0,0.49671815698841243
1998-12-31,59176,AMERICAN EXPRESS CO,50536900.0,102.5,5180032250.0,0.19201612480302532
1998-12-31,16424,GILLETTE CO,96000000.0,47.8125,4590000000.0,0.1701445030281204
1998-12-31,38906,WESCO FINANCIAL CORP,5703087.0,354.75,2023170113.25,0.07499592014384908
1998-12-31,53225,WASHINGTON POST CO,1727765.0,577.9375,998540184.6875,0.03701440598633164
1998-12-31,68144,SUNTRUST BANKS INC,6641400.0,76.5,508067100.0,0.018833295040182645
1998-12-31,35554,M & T BANK CORP,506930.0,518.9375,263064986.875,0.009751429511099322
1998-12-31,42112,P S GROUP HOLDINGS INC,1208032.0,11.75,14194376.0,0.0005261644989791458
1999-03-31,11308,COCA COLA CO,200000000.0,61.375,12275000000.0,0.4475605808502743
1999-03-31,59176,AMERICAN EXPRESS CO,50536900.0,117.75,5950719975.0,0.21697007645526106
1999-03-31,16424,GILLETTE CO,96000000.0,59.4375,5706000000.0,0.20804730544453484
1999-03-31,38906,WESCO FINANCIAL CORP,5703087.0,338.0,1927643406.0,0.07028408981356914
1999-03-31,53225,WASHINGTON POST CO,1727765.0,521.5,901029447.5,0.03285256724124658
1999-03-31,68144,SUNTRUST BANKS INC,6641400.0,62.25,413427150.0,0.015074028137944886
1999-03-31,35554,M & T BANK CORP,506930.0,479.0,242819470.0,0.008853476418326334
1999-03-31,42112,P S GROUP HOLDINGS INC,1208032.0,8.125,9815260.0,0.00035787563884288903
1999-06-30,11308,COCA COLA CO,200000000.0,62.0,12400000000.0,0.470367541454341
1999-06-30,59176,AMERICAN EXPRESS CO,50536900.0,130.125,6576114112.5,0.24945085704998554
1999-06-30,16424,GILLETTE CO,96000000.0,41.0,3936000000.0,0.14930376154550695
1999-06-30,38906,WESCO FINANCIAL CORP,5703087.0,310.0,1767956970.0,0.06706367527225533
1999-06-30,53225,WASHINGTON POST CO,1727765.0,537.75,929105628.75,0.03524363954407477
1999-06-30,68144,SUNTRUST BANKS INC,6641400.0,69.4375,461162212.5,0.017493204524618496
1999-06-30,35554,M & T BANK CORP,506930.0,550.0,278811500.0,0.010576119337435241
1999-06-30,42112,P S GROUP HOLDINGS INC,1208032.0,10.9375,13212850.0,0.0005012012717826605
1999-09-30,11308,COCA COLA CO,200000000.0,48.25,9650000000.0,0.4225160976112323
1999-09-30,59176,AMERICAN EXPRESS CO,50536900.0,135.0,6822481500.0,0.298715881803609
1999-09-30,16424,GILLETTE CO,96000000.0,33.9375,3258000000.0,0.14264844000180257
1999-09-30,38906,WESCO FINANCIAL CORP,5703087.0,271.0,1545536577.0,0.06766985318440019
1999-09-30,53225,WASHINGTON POST CO,1727765.0,510.0,881160150.0,0.038580761445443326
1999-09-30,68144,SUNTRUST BANKS INC,6641400.0,65.75,436672050.0,0.019119271554600716
1999-09-30,35554,M & T BANK CORP,506930.0,459.0,232680870.0,0.010187711210485643
1999-09-30,42112,P S GROUP HOLDINGS INC,1208032.0,10.625,12835340.0,0.0005619831884262544
1999-12-31,11308,COCA COLA CO,200000000.0,58.25,11650000000.0,0.4090591063353235
1999-12-31,59176,AMERICAN EXPRESS CO,50536900.0,166.25,8401759625.0,0.2950056896005753
1999-12-31,16424,GILLETTE CO,96000000.0,41.1875,3954000000.0,0.13883430956651238
1999-12-31,38906,WESCO FINANCIAL CORP,5703087.0,245.0,1397256315.0,0.049060980217621224
1999-12-31,53225,WASHINGTON POST CO,1727765.0,555.875,960421369.375,0.03372267013406739
1999-12-31,68144,SUNTRUST BANKS INC,6641400.0,68.8125,457011337.5,0.01604675101312111
1999-12-31,70519,CITIGROUP INC,8062349.0,55.6875,448972059.9375,0.015764472927687817
1999-12-31,48506,DUN & BRADSTREET CORP DEL,12122800.0,29.5,357622600.0,0.012556976923718014
1999-12-31,76638,JONES APPAREL GROUP INC,12125000.0,27.125,328890625.0,0.011548129196958455
1999-12-31,35554,M & T BANK CORP,510310.0,414.25,211395917.5,0.007422611596179037
1999-12-31,32379,GREAT LAKES CHEM CORP,4258200.0,38.1875,162610012.5,0.005709622866474316
1999-12-31,12036,G A T X CORP,2634500.0,33.75,88914375.0,0.003121994401533376
1999-12-31,62308,TORCHMARK CORP,662562.0,29.0625,19255708.125,0.0006761135414134187
1999-12-31,84073,ZENITH NATIONAL INSURANCE CORP,816655.0,20.625,16843509.375,0.0005914155272522012
1999-12-31,42112,P S GROUP HOLDINGS INC,1208032.0,11.25,13590360.0,0.00047718974389487787
1999-12-31,53938,REPUBLIC NEW YORK CORP,159000.0,72.0,11448000.0,0.00040196640766753506
2000-03-31,11308,COCA COLA CO,200000000.0,46.9375,9387500000.0,0.3712267702488959
2000-03-31,59176,AMERICAN EXPRESS CO,50536900.0,148.9375,7526839543.75,0.29764733251749514
2000-03-31,16424,GILLETTE CO,96000000.0,37.6875,3618000000.0,0.143073071079681
2000-03-31,38906,WESCO FINANCIAL CORP,5703087.0,255.0,1454287185.0,0.05750948971524992
2000-03-31,53225,WASHINGTON POST CO,1727765.0,541.0,934720865.0,0.03696334570420285
2000-03-31,48506,DUN & BRADSTREET CORP DEL,24000000.0,28.625,687000000.0,0.02716727469091787
2000-03-31,76638,JONES APPAREL GROUP INC,15750000.0,31.625,498093750.0,0.019697015615836058
2000-03-31,68144,SUNTRUST BANKS INC,5781400.0,57.75,333875850.0,0.013203052299292126
2000-03-31,70519,CITIGROUP INC,5512325.0,59.875,330050459.375,0.013051778008303134
2000-03-31,12036,G A T X CORP,7340700.0,38.0,278946600.0,0.011030886326488487
2000-03-31,32379,GREAT LAKES CHEM CORP,6480700.0,34.0,220343800.0,0.008713450569200391
2000-03-31,84073,ZENITH NATIONAL INSURANCE CORP,816655.0,22.1875,18119532.8125,0.0007165332244370991
2000-06-30,11308,COCA COLA CO,200000000.0,57.4375,11487500000.0,0.3763616847034819
2000-06-30,59176,AMERICAN EXPRESS CO,151610700.0,52.125,7902707737.5,0.25891415867723544
2000-06-30,16424,GILLETTE CO,96000000.0,34.9375,3354000000.0,0.1098861449832843
2000-06-30,75789,FEDERAL HOME LOAN MORTGAGE CORP,48013200.0,40.5,1944534600.0,0.06370823225420774
2000-06-30,38906,WESCO FINANCIAL CORP,5703087.0,205.0,1169132835.0,0.038303965477497974
2000-06-30,53225,WASHINGTON POST CO,1727765.0,478.0,825871670.0,0.027057797873347385
2000-06-30,48506,DUN & BRADSTREET CORP DEL,24000000.0,28.625,687000000.0,0.022507984974214763
2000-06-30,77546,FIRST DATA CORP,9694000.0,49.625,481064750.0,0.01576098713919124
2000-06-30,76638,JONES APPAREL GROUP INC,15750000.0,23.5,370125000.0,0.012126299765038194
2000-06-30,86218,SHAW COMMUNICATIONS INC,14288100.0,24.6875,352737468.75,0.011556637039981877
2000-06-30,70519,CITIGROUP INC,5635112.0,60.25,339515498.0,0.011123449385002973
2000-06-30,68144,SUNTRUST BANKS INC,6641400.0,45.6875,303428962.5,0.00994115651920171
2000-06-30,57665,NIKE INC,6440600.0,39.8125,256416387.5,0.008400896938853611
2000-06-30,12036,G A T X CORP,7340700.0,34.0,249583800.0,0.008177042824173832
2000-06-30,32379,GREAT LAKES CHEM CORP,7000000.0,31.5,220500000.0,0.007224178583427009
2000-06-30,47941,GANNETT CO INC,3636800.0,59.8125,217526100.0,0.007126745546287537
2000-06-30,49905,LIZ CLAIBORNE INC,4894500.0,35.25,172531125.0,0.005652588019045661
2000-06-30,59192,CHUBB CORP,2109800.0,61.5,129752700.0,0.004251050686992425
2000-06-30,15077,U S T INC,1520900.0,14.6875,22338218.75,0.0007318606870097853
2000-06-30,15720,EDISON INTERNATIONAL,921000.0,20.5,18880500.0,0.0006185764342149371
2000-06-30,84073,ZENITH NATIONAL INSURANCE CORP,816655.0,21.25,17353918.75,0.0005685614883096708
2000-09-30,11308,COCA COLA CO,200000000.0,55.125,11025000000.0,0.3655390469262799
2000-09-30,59176,AMERICAN EXPRESS CO,151610700.0,60.75,9210350025.0,0.30537347573659307
2000-09-30,16424,GILLETTE CO,96000000.0,30.875,2964000000.0,0.09827281043895635
2000-09-30,38906,WESCO FINANCIAL CORP,5703087.0,251.0,1431474837.0,0.04746121973840652
2000-09-30,53225,WASHINGTON POST CO,1727765.0,527.875,912043949.375,0.030239244989516353
2000-09-30,48506,DUN & BRADSTREET CORP DEL,24000000.0,34.4375,826500000.0,0.027402995218555135
2000-09-30,66157,U S BANCORP DEL,21495001.0,22.75,489011272.75,0.01621339814759566
2000-09-30,76638,JONES APPAREL GROUP INC,15750000.0,26.5,417375000.0,0.013838263919352025
2000-09-30,77546,FIRST DATA CORP,9544900.0,39.0625,372847656.25,0.012361938949144875
2000-09-30,35554,M & T BANK CORP,669910.0,510.0,341654100.0,0.011327701958499404
2000-09-30,68144,SUNTRUST BANKS INC,6641400.0,49.8125,330824737.5,0.010968649364660929
2000-09-30,86218,SHAW COMMUNICATIONS INC,13788100.0,22.6875,312817518.75,0.010371611579657025
2000-09-30,12036,G A T X CORP,7340700.0,41.875,307391812.5,0.01019171974369086
2000-09-30,70519,CITIGROUP INC,4964815.0,54.0625,268410310.9375,0.00889926977281453
2000-09-30,57665,NIKE INC,5926800.0,40.0625,237442425.0,0.007872514987243964
2000-09-30,32379,GREAT LAKES CHEM CORP,7000000.0,29.3125,205187500.0,0.006803087817794654
2000-09-30,47941,GANNETT CO INC,3636800.0,53.0,192750400.0,0.006390729932939612
2000-09-30,49905,LIZ CLAIBORNE INC,4894500.0,38.5,188438250.0,0.006247758576821412
2000-09-30,62308,TORCHMARK CORP,2073462.0,27.8125,57668161.875,0.001912014959617046
2000-09-30,54412,SHAW INDUSTRIES INC,2194200.0,18.5,40592700.0,0.0013458700108992655
2000-09-30,84073,ZENITH NATIONAL INSURANCE CORP,816655.0,21.875,17864328.125,0.0005923001793007562
2000-09-30,52396,SUPERIOR INDUSTRIES INTL INC,179400.0,30.0,5382000.0,0.00017844273474442072
2000-09-30,85348,TRICON GLOBAL RESTAURANTS INC,174500.0,30.625,5344062.5,0.0001771848991350996
2000-09-30,89341,KEYSTONE FINANCIAL INC,26000.0,21.75,565500.0,1.874941778111667e-05
2000-12-31,11308,COCA COLA CO,200000000.0,60.9375,12187500000.0,0.38567834551096464
2000-12-31,59176,AMERICAN EXPRESS CO,151610700.0,54.9375,8329112831.25,0.2635781297502069
2000-12-31,16424,GILLETTE CO,96000000.0,36.125,3468000000.0,0.10974625659339696
2000-12-31,38906,WESCO FINANCIAL CORP,5703087.0,281.75,1606844762.25,0.05084924959159297
2000-12-31,53225,WASHINGTON POST CO,1727765.0,616.875,1065815034.375,0.033728145975668665
2000-12-31,48506,MOODYS CORP,24000000.0,25.6875,616500000.0,0.019509390769846948
2000-12-31,76638,JONES APPAREL GROUP INC,15750000.0,32.1875,506953125.0,0.016042735795004162
2000-12-31,35554,M & T BANK CORP,6708760.0,68.0,456195680.0,0.014436496007519955
2000-12-31,68144,SUNTRUST BANKS INC,6641400.0,63.0,418408200.0,0.01324069598557709
2000-12-31,12036,G A T X CORP,7340700.0,49.875,366117412.5,0.011585932957190183
2000-12-31,86218,SHAW COMMUNICATIONS INC,15343200.0,23.0,352893600.0,0.011167460085284771
2000-12-31,49373,BLOCK H & R INC,7697500.0,41.375,318484062.5,0.010078556414080874
2000-12-31,88590,DUN & BRADSTREET CORP DEL NEW,12000000.0,25.875,310500000.0,0.009825897541017807
2000-12-31,32379,GREAT LAKES CHEM CORP,7000000.0,37.1875,260312500.0,0.008237693892580347
2000-12-31,70519,CITIGROUP INC,4600559.0,51.0625,234916043.9375,0.0074340128131114725
2000-12-31,47941,GANNETT CO INC,3636800.0,63.0625,229345700.0,0.007257737035983921
2000-12-31,49905,LIZ CLAIBORNE INC,4894500.0,41.625,203733562.5,0.006447230630568591
2000-12-31,79244,U S G CORP,6500000.0,22.5,146250000.0,0.004628140146131576
2000-12-31,85926,SEALED AIR CORP NEW,4304900.0,30.5,131299450.0,0.0041550239706666355
2000-12-31,76573,MUELLER INDUSTRIES INC,3217100.0,26.8125,86258493.75,0.0027296847717553133
2000-12-31,62308,TORCHMARK CORP,2073462.0,38.4375,79698695.625,0.002522097318402622
2000-12-31,84663,HERTZ CORP NEW,1907100.0,34.125,65079787.5,0.00205947608362709
2000-12-31,90100,JOHNS MANVILLE CORP NEW,4786900.0,12.9375,61930518.75,0.001959816205795756
2000-12-31,54412,SHAW INDUSTRIES INC,2194200.0,18.9375,41552662.5,0.0013149507384267079
2000-12-31,84073,ZENITH NATIONAL INSURANCE CORP,816655.0,29.375,23989240.625,0.0007591491802514395
2000-12-31,77855,FURNITURE BRANDS INTL INC,795200.0,21.0625,16748900.0,0.000530025685425936
2000-12-31,26403,DISNEY WALT CO,318342.0,28.9375,9212021.625,0.0002915181340833828
2000-12-31,52396,SUPERIOR INDUSTRIES INTL INC,179400.0,31.5625,5662312.5,0.00017918615932439416
2000-12-31,48347,LA Z BOY INC,54100.0,15.75,852075.0,2.6964256512923503e-05
